"Samples",3,"Jarryd",0,"233f947f.pdf",0,"OcrProcessed",0
"Samples",3,"Jarryd",1,"24520557.pdf",0,"OcrProcessed",0
"Samples",3,"Jarryd",2,"2515e610.pdf",0,"OcrProcessed",0
"Samples",3,"Jarryd",3,"25d194df.pdf",0,"OcrProcessed",0
"Samples",3,"Jarryd",4,"2851dcc5.pdf",0,"OcrProcessed",0
"Samples",3,"Jarryd",5,"299b0bde.pdf",0,"OcrProcessed",0
"Samples",3,"Jarryd",6,"2a9fd470.pdf",0,"OcrProcessed",0
"Samples",3,"Jarryd",7,"2cd1ad7f.pdf",0,"OcrProcessed",0
"Samples",3,"Jarryd",8,"3077a1c1.pdf",0,"OcrProcessed",0
"Samples",3,"Jarryd",9,"3796b68b.pdf",0,"OcrProcessed",0
"Samples",3,"Jarryd",10,"41d3d039.pdf",0,"OcrProcessed",0
"Samples",3,"Jarryd",11,"43cab8fe.pdf",0,"OcrProcessed",0
"Samples",3,"Jarryd",12,"4733cdd0.pdf",0,"OcrProcessed",0
"Samples",3,"Jarryd",13,"4c1d8fef.pdf",0,"OcrProcessed",0
"Samples",3,"Jarryd",14,"4ead9c7e.pdf",0,"OcrProcessed",0
"Samples",3,"Jarryd",15,"4ffdc97d.pdf",0,"OcrProcessed",0
"Samples",3,"Jarryd",16,"55f8713d.pdf",0,"OcrProcessed",0
"Samples",3,"Jarryd",17,"59703da6.pdf",0,"OcrProcessed",0
"Samples",3,"Jarryd",18,"65cf75bd.pdf",0,"OcrProcessed",0
"Samples",3,"Jarryd",19,"6759a873.pdf",0,"OcrProcessed",0
"Samples",3,"Jarryd",20,"6fe335a2.pdf",0,"OcrProcessed",0
"Samples",3,"Jarryd",21,"74114321.pdf",0,"OcrProcessed",0
"Samples",3,"Jarryd",22,"7459353c.pdf",0,"OcrProcessed",0
"Samples",3,"Jarryd",23,"751320da.pdf",0,"OcrProcessed",0
"Samples",3,"Jarryd",24,"782c94cc.pdf",0,"OcrProcessed",0
"Samples",3,"Jarryd",25,"7d3d25fa.pdf",0,"OcrProcessed",0
"Samples",3,"Jarryd",26,"7dadeb21.pdf",0,"OcrProcessed",0
"Samples",3,"Jarryd",27,"81119f61.pdf",0,"OcrProcessed",0
"Samples",3,"Jarryd",28,"83bfb87a.pdf",0,"OcrProcessed",0
"Samples",3,"Jarryd",29,"84d5861e.pdf",0,"OcrProcessed",0
"Samples",3,"Jarryd",30,"8576937b.pdf",0,"OcrProcessed",0
"Samples",3,"Jarryd",31,"8aa4fd9a.pdf",0,"OcrProcessed",0
"Samples",3,"Jarryd",32,"8b09dddb.pdf",0,"OcrProcessed",0
"Samples",3,"Jarryd",33,"92cade06.pdf",0,"OcrProcessed",0
"Samples",3,"Jarryd",34,"983839af.pdf",0,"OcrProcessed",0
"Samples",3,"Jarryd",35,"9ebcd29b.pdf",0,"OcrProcessed",0
"Samples",3,"Jarryd",36,"ab7b5e7e.pdf",0,"OcrProcessed",0
"Samples",3,"Jarryd",37,"ace9164a.pdf",0,"OcrProcessed",0
"Samples",3,"Jarryd",38,"af3294fc.pdf",0,"OcrProcessed",0
"Samples",3,"Jarryd",39,"b056dbe5.pdf",0,"OcrProcessed",0
"Samples",3,"Jarryd",40,"b5068244.pdf",0,"OcrProcessed",0
"Samples",3,"Jarryd",41,"b63c1ef7.pdf",0,"OcrProcessed",0
"Samples",3,"Jarryd",42,"b8f1850a.pdf",0,"OcrProcessed",0
"Samples",3,"Jarryd",43,"c7ffba5d.pdf",0,"OcrProcessed",0
"Samples",3,"Jarryd",44,"c84c87fc.pdf",0,"OcrProcessed",0
"Samples",3,"Jarryd",45,"d217424f.pdf",0,"OcrProcessed",0
"Samples",3,"Jarryd",46,"d6a5ec9a.pdf",0,"OcrProcessed",0
"Samples",3,"Jarryd",47,"dbd1b031.pdf",0,"OcrProcessed",0
"Samples",3,"Jarryd",48,"dd305c10.pdf",0,"OcrProcessed",0
"Samples",3,"Jarryd",49,"de575b47.pdf",0,"OcrProcessed",0
"Samples",3,"Jarryd",50,"df62cedd.pdf",0,"OcrProcessed",0
"Samples",3,"Jarryd",51,"e6ca495c.pdf",0,"OcrProcessed",0
"Samples",3,"Jarryd",52,"e718fa2b.pdf",0,"OcrProcessed",0
"Samples",3,"Jarryd",53,"e8724af4.pdf",0,"OcrProcessed",0
"Samples",3,"Jarryd",54,"f3e6b6ea.pdf",0,"OcrProcessed",0
"Samples",3,"Jarryd",55,"f6dced1a.pdf",0,"OcrProcessed",0
"Samples",3,"Jarryd",56,"fa17a004.pdf",0,"OcrProcessed",0
"Samples",3,"Jarryd",57,"fe526b5d.pdf",0,"OcrProcessed",0
"Samples",3,"Jarryd",58,"Consent\0a2696b0.pdf",0,"OcrProcessed",0
"Samples",3,"Jarryd",59,"FnbCredit03\2110b9d4.pdf",0,"OcrProcessed",0
"Samples",3,"Jarryd",60,"FnbCredit04\15f276ea.pdf",0,"OcrProcessed",0
"Samples",3,"Jarryd",61,"FnbCredit11\0f0b5b9e.pdf",0,"OcrProcessed",0
"Samples",3,"Jarryd",62,"FnbEasy06\107e4812.pdf",0,"OcrProcessed",0
"Samples",3,"Jarryd",63,"FnbEasy11\17ff81f7.pdf",0,"OcrProcessed",0
"Samples",3,"Jarryd",64,"FnbHome11\20a805c3.pdf",0,"OcrProcessed",0
"Samples",3,"Jarryd",65,"Toyata\16110820.pdf",0,"OcrProcessed",0
"Samples",3,"Jarryd",66,"Toyata\1e42fa44.pdf",0,"OcrProcessed",0
"Samples",3,"Jarryd",67,"Toyata01\0e7c1253.pdf",0,"OcrProcessed",0
